-- MySQL Script generated by MySQL Workbench
-- mié 04 abr 2018 22:05:16 CEST
-- Model: New Model    Version: 1.0
-- MySQL Workbench Forward Engineering

SET @OLD_UNIQUE_CHECKS=@@UNIQUE_CHECKS, UNIQUE_CHECKS=0;
SET @OLD_FOREIGN_KEY_CHECKS=@@FOREIGN_KEY_CHECKS, FOREIGN_KEY_CHECKS=0;
SET @OLD_SQL_MODE=@@SQL_MODE, SQL_MODE='TRADITIONAL,ALLOW_INVALID_DATES';

-- -----------------------------------------------------
-- Schema mydb
-- -----------------------------------------------------
-- -----------------------------------------------------
-- Schema app
-- -----------------------------------------------------
DROP SCHEMA IF EXISTS `app` ;

-- -----------------------------------------------------
-- Schema app
-- -----------------------------------------------------
CREATE SCHEMA IF NOT EXISTS `app` DEFAULT CHARACTER SET utf8 ;
USE `app` ;

-- -----------------------------------------------------
-- Table `app`.`users`
-- -----------------------------------------------------
DROP TABLE IF EXISTS `app`.`users` ;

CREATE TABLE IF NOT EXISTS `app`.`users` (
  `id` INT NOT NULL,
  `username` VARCHAR(45) NOT NULL,
  PRIMARY KEY (`id`))
ENGINE = InnoDB;

CREATE UNIQUE INDEX `id_UNIQUE` ON `app`.`users` (`id` ASC);

CREATE UNIQUE INDEX `username_UNIQUE` ON `app`.`users` (`username` ASC);


-- -----------------------------------------------------
-- Table `app`.`categories`
-- -----------------------------------------------------
DROP TABLE IF EXISTS `app`.`categories` ;

CREATE TABLE IF NOT EXISTS `app`.`categories` (
  `id` INT NOT NULL,
  `name` VARCHAR(45) NULL,
  PRIMARY KEY (`id`))
ENGINE = InnoDB;

CREATE UNIQUE INDEX `id_UNIQUE` ON `app`.`categories` (`id` ASC);


-- -----------------------------------------------------
-- Table `app`.`matches`
-- -----------------------------------------------------
DROP TABLE IF EXISTS `app`.`matches` ;

CREATE TABLE IF NOT EXISTS `app`.`matches` (
  `id` INT NOT NULL,
  `address` VARCHAR(45) NULL,
  `datetime` VARCHAR(45) NULL,
  `users_id` INT NOT NULL,
  `categories_id` INT NOT NULL,
  PRIMARY KEY (`id`),
  CONSTRAINT `fk_matches_users1`
    FOREIGN KEY (`users_id`)
    REFERENCES `app`.`users` (`id`)
    ON DELETE NO ACTION
    ON UPDATE NO ACTION,
  CONSTRAINT `fk_matches_categories1`
    FOREIGN KEY (`categories_id`)
    REFERENCES `app`.`categories` (`id`)
    ON DELETE NO ACTION
    ON UPDATE NO ACTION)
ENGINE = InnoDB;

CREATE UNIQUE INDEX `id_UNIQUE` ON `app`.`matches` (`id` ASC);

CREATE INDEX `fk_matches_users1_idx` ON `app`.`matches` (`users_id` ASC);

CREATE INDEX `fk_matches_categories1_idx` ON `app`.`matches` (`categories_id` ASC);


-- -----------------------------------------------------
-- Table `app`.`teams`
-- -----------------------------------------------------
DROP TABLE IF EXISTS `app`.`teams` ;

CREATE TABLE IF NOT EXISTS `app`.`teams` (
  `id` INT NOT NULL,
  `name` VARCHAR(45) NULL,
  `users_id` INT NOT NULL,
  `categories_id` INT NOT NULL,
  PRIMARY KEY (`id`),
  CONSTRAINT `fk_teams_users1`
    FOREIGN KEY (`users_id`)
    REFERENCES `app`.`users` (`id`)
    ON DELETE NO ACTION
    ON UPDATE NO ACTION,
  CONSTRAINT `fk_teams_categories1`
    FOREIGN KEY (`categories_id`)
    REFERENCES `app`.`categories` (`id`)
    ON DELETE NO ACTION
    ON UPDATE NO ACTION)
ENGINE = InnoDB;

CREATE UNIQUE INDEX `id_UNIQUE` ON `app`.`teams` (`id` ASC);

CREATE INDEX `fk_teams_users1_idx` ON `app`.`teams` (`users_id` ASC);

CREATE INDEX `fk_teams_categories1_idx` ON `app`.`teams` (`categories_id` ASC);


-- -----------------------------------------------------
-- Table `app`.`users_teams`
-- -----------------------------------------------------
DROP TABLE IF EXISTS `app`.`users_teams` ;

CREATE TABLE IF NOT EXISTS `app`.`users_teams` (
  `users_id` INT NOT NULL,
  `teams_id` INT NOT NULL,
  `start_date` VARCHAR(45) NULL,
  `end_date` VARCHAR(45) NULL,
  PRIMARY KEY (`users_id`, `teams_id`),
  CONSTRAINT `fk_users_has_teams_users1`
    FOREIGN KEY (`users_id`)
    REFERENCES `app`.`users` (`id`)
    ON DELETE NO ACTION
    ON UPDATE NO ACTION,
  CONSTRAINT `fk_users_has_teams_teams1`
    FOREIGN KEY (`teams_id`)
    REFERENCES `app`.`teams` (`id`)
    ON DELETE NO ACTION
    ON UPDATE NO ACTION)
ENGINE = InnoDB;

CREATE INDEX `fk_users_has_teams_teams1_idx` ON `app`.`users_teams` (`teams_id` ASC);

CREATE INDEX `fk_users_has_teams_users1_idx` ON `app`.`users_teams` (`users_id` ASC);


-- -----------------------------------------------------
-- Table `app`.`users_matches`
-- -----------------------------------------------------
DROP TABLE IF EXISTS `app`.`users_matches` ;

CREATE TABLE IF NOT EXISTS `app`.`users_matches` (
  `users_id` INT NOT NULL,
  `matches_id` INT NOT NULL,
  PRIMARY KEY (`users_id`, `matches_id`),
  CONSTRAINT `fk_users_has_matches_users1`
    FOREIGN KEY (`users_id`)
    REFERENCES `app`.`users` (`id`)
    ON DELETE NO ACTION
    ON UPDATE NO ACTION,
  CONSTRAINT `fk_users_has_matches_matches1`
    FOREIGN KEY (`matches_id`)
    REFERENCES `app`.`matches` (`id`)
    ON DELETE NO ACTION
    ON UPDATE NO ACTION)
ENGINE = InnoDB;

CREATE INDEX `fk_users_has_matches_matches1_idx` ON `app`.`users_matches` (`matches_id` ASC);

CREATE INDEX `fk_users_has_matches_users1_idx` ON `app`.`users_matches` (`users_id` ASC);


-- -----------------------------------------------------
-- Table `app`.`tournaments`
-- -----------------------------------------------------
DROP TABLE IF EXISTS `app`.`tournaments` ;

CREATE TABLE IF NOT EXISTS `app`.`tournaments` (
  `id` INT NOT NULL,
  `categories_id` INT NOT NULL,
  `name` VARCHAR(45) NULL,
  `start_date` DATETIME NULL,
  PRIMARY KEY (`id`),
  CONSTRAINT `fk_tournaments_categories1`
    FOREIGN KEY (`categories_id`)
    REFERENCES `app`.`categories` (`id`)
    ON DELETE NO ACTION
    ON UPDATE NO ACTION)
ENGINE = InnoDB;

CREATE UNIQUE INDEX `id_UNIQUE` ON `app`.`tournaments` (`id` ASC);


-- -----------------------------------------------------
-- Table `app`.`teams_has_tournaments`
-- -----------------------------------------------------
DROP TABLE IF EXISTS `app`.`teams_has_tournaments` ;

CREATE TABLE IF NOT EXISTS `app`.`teams_has_tournaments` (
  `teams_id` INT NOT NULL,
  `tournaments_id` INT NOT NULL,
  PRIMARY KEY (`teams_id`, `tournaments_id`),
  CONSTRAINT `fk_teams_has_tournaments_teams1`
    FOREIGN KEY (`teams_id`)
    REFERENCES `app`.`teams` (`id`)
    ON DELETE NO ACTION
    ON UPDATE NO ACTION,
  CONSTRAINT `fk_teams_has_tournaments_tournaments1`
    FOREIGN KEY (`tournaments_id`)
    REFERENCES `app`.`tournaments` (`id`)
    ON DELETE NO ACTION
    ON UPDATE NO ACTION)
ENGINE = InnoDB;

CREATE INDEX `fk_teams_has_tournaments_tournaments1_idx` ON `app`.`teams_has_tournaments` (`tournaments_id` ASC);

CREATE INDEX `fk_teams_has_tournaments_teams1_idx` ON `app`.`teams_has_tournaments` (`teams_id` ASC);


-- -----------------------------------------------------
-- Table `app`.`goals`
-- -----------------------------------------------------
DROP TABLE IF EXISTS `app`.`goals` ;

CREATE TABLE IF NOT EXISTS `app`.`goals` (
  `id` INT NOT NULL,
  `users_id` INT NOT NULL,
  `matches_id` INT NOT NULL,
  `datetime` DATETIME NOT NULL,
  PRIMARY KEY (`id`),
  CONSTRAINT `fk_goals_users1`
    FOREIGN KEY (`users_id`)
    REFERENCES `app`.`users` (`id`)
    ON DELETE NO ACTION
    ON UPDATE NO ACTION,
  CONSTRAINT `fk_goals_matches1`
    FOREIGN KEY (`matches_id`)
    REFERENCES `app`.`matches` (`id`)
    ON DELETE NO ACTION
    ON UPDATE NO ACTION)
ENGINE = InnoDB;

CREATE INDEX `fk_goals_users1_idx` ON `app`.`goals` (`users_id` ASC);

CREATE INDEX `fk_goals_matches1_idx` ON `app`.`goals` (`matches_id` ASC);


-- -----------------------------------------------------
-- Table `app`.`match_team_vs_anyone`
-- -----------------------------------------------------
DROP TABLE IF EXISTS `app`.`match_team_vs_anyone` ;

CREATE TABLE IF NOT EXISTS `app`.`match_team_vs_anyone` (
  `id` INT NOT NULL,
  `matches_id` INT NOT NULL,
  `teams_id` INT NOT NULL DEFAULT -1,
  `users_id` INT NOT NULL DEFAULT -1,
  PRIMARY KEY (`id`),
  CONSTRAINT `fk_match_team_vs_anyone_matches1`
    FOREIGN KEY (`matches_id`)
    REFERENCES `app`.`matches` (`id`)
    ON DELETE NO ACTION
    ON UPDATE NO ACTION,
  CONSTRAINT `fk_match_team_vs_anyone_teams1`
    FOREIGN KEY (`teams_id`)
    REFERENCES `app`.`teams` (`id`)
    ON DELETE NO ACTION
    ON UPDATE NO ACTION,
  CONSTRAINT `fk_match_team_vs_anyone_users1`
    FOREIGN KEY (`users_id`)
    REFERENCES `app`.`users` (`id`)
    ON DELETE NO ACTION
    ON UPDATE NO ACTION)
ENGINE = InnoDB;

CREATE INDEX `fk_match_team_vs_anyone_teams1_idx` ON `app`.`match_team_vs_anyone` (`teams_id` ASC);

CREATE INDEX `fk_match_team_vs_anyone_users1_idx` ON `app`.`match_team_vs_anyone` (`users_id` ASC);

CREATE UNIQUE INDEX `uq_match_team_user` ON `app`.`match_team_vs_anyone` (`matches_id` ASC, `users_id` ASC, `teams_id` ASC);


-- -----------------------------------------------------
-- Table `app`.`match_individual`
-- -----------------------------------------------------
DROP TABLE IF EXISTS `app`.`match_individual` ;

CREATE TABLE IF NOT EXISTS `app`.`match_individual` (
  `matches_id` INT NOT NULL,
  `users_id` INT NOT NULL,
  PRIMARY KEY (`matches_id`, `users_id`),
  CONSTRAINT `fk_match_individual_matches1`
    FOREIGN KEY (`matches_id`)
    REFERENCES `app`.`matches` (`id`)
    ON DELETE NO ACTION
    ON UPDATE NO ACTION,
  CONSTRAINT `fk_match_individual_users1`
    FOREIGN KEY (`users_id`)
    REFERENCES `app`.`users` (`id`)
    ON DELETE NO ACTION
    ON UPDATE NO ACTION)
ENGINE = InnoDB;

CREATE INDEX `fk_match_individual_users1_idx` ON `app`.`match_individual` (`users_id` ASC);


-- -----------------------------------------------------
-- Table `app`.`tournaments_has_matches`
-- -----------------------------------------------------
DROP TABLE IF EXISTS `app`.`tournaments_has_matches` ;

CREATE TABLE IF NOT EXISTS `app`.`tournaments_has_matches` (
  `tournaments_id` INT NOT NULL,
  `matches_id` INT NOT NULL,
  PRIMARY KEY (`tournaments_id`, `matches_id`),
  CONSTRAINT `fk_tournaments_has_matches_tournaments1`
    FOREIGN KEY (`tournaments_id`)
    REFERENCES `app`.`tournaments` (`id`)
    ON DELETE NO ACTION
    ON UPDATE NO ACTION,
  CONSTRAINT `fk_tournaments_has_matches_matches1`
    FOREIGN KEY (`matches_id`)
    REFERENCES `app`.`matches` (`id`)
    ON DELETE NO ACTION
    ON UPDATE NO ACTION)
ENGINE = InnoDB;

CREATE INDEX `fk_tournaments_has_matches_matches1_idx` ON `app`.`tournaments_has_matches` (`matches_id` ASC);

CREATE INDEX `fk_tournaments_has_matches_tournaments1_idx` ON `app`.`tournaments_has_matches` (`tournaments_id` ASC);


SET SQL_MODE=@OLD_SQL_MODE;
SET FOREIGN_KEY_CHECKS=@OLD_FOREIGN_KEY_CHECKS;
SET UNIQUE_CHECKS=@OLD_UNIQUE_CHECKS;

-- -----------------------------------------------------
-- Data for table `app`.`users`
-- -----------------------------------------------------
START TRANSACTION;
USE `app`;
INSERT INTO `app`.`users` (`id`, `username`) VALUES (1, 'jug1');
INSERT INTO `app`.`users` (`id`, `username`) VALUES (2, 'jug2');
INSERT INTO `app`.`users` (`id`, `username`) VALUES (3, 'jug3');
INSERT INTO `app`.`users` (`id`, `username`) VALUES (4, 'jug4');
INSERT INTO `app`.`users` (`id`, `username`) VALUES (5, 'jug5');
INSERT INTO `app`.`users` (`id`, `username`) VALUES (6, 'jug6');
INSERT INTO `app`.`users` (`id`, `username`) VALUES (7, 'jug7');
INSERT INTO `app`.`users` (`id`, `username`) VALUES (8, 'jug8');
INSERT INTO `app`.`users` (`id`, `username`) VALUES (9, 'jug9');
INSERT INTO `app`.`users` (`id`, `username`) VALUES (10, 'jug10');
INSERT INTO `app`.`users` (`id`, `username`) VALUES (11, 'jug11');
INSERT INTO `app`.`users` (`id`, `username`) VALUES (13, 'jug13');
INSERT INTO `app`.`users` (`id`, `username`) VALUES (14, 'jug14');
INSERT INTO `app`.`users` (`id`, `username`) VALUES (15, 'jug15');
INSERT INTO `app`.`users` (`id`, `username`) VALUES (16, 'jug16');
INSERT INTO `app`.`users` (`id`, `username`) VALUES (17, 'jug17');
INSERT INTO `app`.`users` (`id`, `username`) VALUES (18, 'jug18');
INSERT INTO `app`.`users` (`id`, `username`) VALUES (19, 'jug19');
INSERT INTO `app`.`users` (`id`, `username`) VALUES (20, 'jug20');
INSERT INTO `app`.`users` (`id`, `username`) VALUES (12, 'jug12');
INSERT INTO `app`.`users` (`id`, `username`) VALUES (21, 'jug21');
INSERT INTO `app`.`users` (`id`, `username`) VALUES (22, 'jug22');
INSERT INTO `app`.`users` (`id`, `username`) VALUES (23, 'jug23');
INSERT INTO `app`.`users` (`id`, `username`) VALUES (24, 'jug24');
INSERT INTO `app`.`users` (`id`, `username`) VALUES (25, 'jug25');
INSERT INTO `app`.`users` (`id`, `username`) VALUES (26, 'jug26');
INSERT INTO `app`.`users` (`id`, `username`) VALUES (27, 'jug27');
INSERT INTO `app`.`users` (`id`, `username`) VALUES (28, 'jug28');
INSERT INTO `app`.`users` (`id`, `username`) VALUES (29, 'jug29');
INSERT INTO `app`.`users` (`id`, `username`) VALUES (30, 'jug30');

COMMIT;


-- -----------------------------------------------------
-- Data for table `app`.`categories`
-- -----------------------------------------------------
START TRANSACTION;
USE `app`;
INSERT INTO `app`.`categories` (`id`, `name`) VALUES (2, 'Fútbol');
INSERT INTO `app`.`categories` (`id`, `name`) VALUES (1, 'Fúbol Sala');

COMMIT;


-- -----------------------------------------------------
-- Data for table `app`.`matches`
-- -----------------------------------------------------
START TRANSACTION;
USE `app`;
INSERT INTO `app`.`matches` (`id`, `address`, `datetime`, `users_id`, `categories_id`) VALUES (1, NULL, NULL, 1, 1);
INSERT INTO `app`.`matches` (`id`, `address`, `datetime`, `users_id`, `categories_id`) VALUES (2, NULL, NULL, 2, 1);
INSERT INTO `app`.`matches` (`id`, `address`, `datetime`, `users_id`, `categories_id`) VALUES (3, NULL, NULL, 3, 2);
INSERT INTO `app`.`matches` (`id`, `address`, `datetime`, `users_id`, `categories_id`) VALUES (4, NULL, NULL, 4, 1);
INSERT INTO `app`.`matches` (`id`, `address`, `datetime`, `users_id`, `categories_id`) VALUES (5, NULL, NULL, 1, 1);
INSERT INTO `app`.`matches` (`id`, `address`, `datetime`, `users_id`, `categories_id`) VALUES (6, NULL, NULL, 5, 1);
INSERT INTO `app`.`matches` (`id`, `address`, `datetime`, `users_id`, `categories_id`) VALUES (7, NULL, NULL, 6, 1);
INSERT INTO `app`.`matches` (`id`, `address`, `datetime`, `users_id`, `categories_id`) VALUES (8, NULL, NULL, 3, 1);
INSERT INTO `app`.`matches` (`id`, `address`, `datetime`, `users_id`, `categories_id`) VALUES (9, NULL, NULL, 7, 2);
INSERT INTO `app`.`matches` (`id`, `address`, `datetime`, `users_id`, `categories_id`) VALUES (10, NULL, NULL, 11, 1);
INSERT INTO `app`.`matches` (`id`, `address`, `datetime`, `users_id`, `categories_id`) VALUES (11, NULL, NULL, 15, 1);
INSERT INTO `app`.`matches` (`id`, `address`, `datetime`, `users_id`, `categories_id`) VALUES (12, NULL, NULL, 12, 1);

COMMIT;


-- -----------------------------------------------------
-- Data for table `app`.`teams`
-- -----------------------------------------------------
START TRANSACTION;
USE `app`;
INSERT INTO `app`.`teams` (`id`, `name`, `users_id`, `categories_id`) VALUES (1, 'eqs1', 1, 1);
INSERT INTO `app`.`teams` (`id`, `name`, `users_id`, `categories_id`) VALUES (2, 'eqs2', 4, 1);
INSERT INTO `app`.`teams` (`id`, `name`, `users_id`, `categories_id`) VALUES (3, 'eqs3', 8, 1);
INSERT INTO `app`.`teams` (`id`, `name`, `users_id`, `categories_id`) VALUES (4, 'eqf1', 12, 2);
INSERT INTO `app`.`teams` (`id`, `name`, `users_id`, `categories_id`) VALUES (5, 'eqf2', 16, 2);

COMMIT;


-- -----------------------------------------------------
-- Data for table `app`.`users_teams`
-- -----------------------------------------------------
START TRANSACTION;
USE `app`;
INSERT INTO `app`.`users_teams` (`users_id`, `teams_id`, `start_date`, `end_date`) VALUES (1, 1, '', NULL);
INSERT INTO `app`.`users_teams` (`users_id`, `teams_id`, `start_date`, `end_date`) VALUES (1, 5, NULL, NULL);
INSERT INTO `app`.`users_teams` (`users_id`, `teams_id`, `start_date`, `end_date`) VALUES (2, 2, NULL, NULL);
INSERT INTO `app`.`users_teams` (`users_id`, `teams_id`, `start_date`, `end_date`) VALUES (2, 4, '', NULL);
INSERT INTO `app`.`users_teams` (`users_id`, `teams_id`, `start_date`, `end_date`) VALUES (2, 3, NULL, NULL);
INSERT INTO `app`.`users_teams` (`users_id`, `teams_id`, `start_date`, `end_date`) VALUES (3, 1, NULL, NULL);
INSERT INTO `app`.`users_teams` (`users_id`, `teams_id`, `start_date`, `end_date`) VALUES (4, 1, NULL, NULL);
INSERT INTO `app`.`users_teams` (`users_id`, `teams_id`, `start_date`, `end_date`) VALUES (5, 2, NULL, NULL);
INSERT INTO `app`.`users_teams` (`users_id`, `teams_id`, `start_date`, `end_date`) VALUES (5, 3, NULL, NULL);
INSERT INTO `app`.`users_teams` (`users_id`, `teams_id`, `start_date`, `end_date`) VALUES (4, 4, NULL, NULL);
INSERT INTO `app`.`users_teams` (`users_id`, `teams_id`, `start_date`, `end_date`) VALUES (5, 4, NULL, NULL);
INSERT INTO `app`.`users_teams` (`users_id`, `teams_id`, `start_date`, `end_date`) VALUES (6, 3, NULL, NULL);
INSERT INTO `app`.`users_teams` (`users_id`, `teams_id`, `start_date`, `end_date`) VALUES (6, 5, NULL, NULL);
INSERT INTO `app`.`users_teams` (`users_id`, `teams_id`, `start_date`, `end_date`) VALUES (7, 2, NULL, NULL);
INSERT INTO `app`.`users_teams` (`users_id`, `teams_id`, `start_date`, `end_date`) VALUES (7, 3, NULL, NULL);
INSERT INTO `app`.`users_teams` (`users_id`, `teams_id`, `start_date`, `end_date`) VALUES (7, 4, NULL, NULL);
INSERT INTO `app`.`users_teams` (`users_id`, `teams_id`, `start_date`, `end_date`) VALUES (8, 1, NULL, NULL);
INSERT INTO `app`.`users_teams` (`users_id`, `teams_id`, `start_date`, `end_date`) VALUES (9, 2, NULL, NULL);
INSERT INTO `app`.`users_teams` (`users_id`, `teams_id`, `start_date`, `end_date`) VALUES (10, 3, NULL, NULL);
INSERT INTO `app`.`users_teams` (`users_id`, `teams_id`, `start_date`, `end_date`) VALUES (11, 1, NULL, NULL);
INSERT INTO `app`.`users_teams` (`users_id`, `teams_id`, `start_date`, `end_date`) VALUES (12, 2, NULL, NULL);
INSERT INTO `app`.`users_teams` (`users_id`, `teams_id`, `start_date`, `end_date`) VALUES (13, 3, NULL, NULL);
INSERT INTO `app`.`users_teams` (`users_id`, `teams_id`, `start_date`, `end_date`) VALUES (14, 1, NULL, NULL);
INSERT INTO `app`.`users_teams` (`users_id`, `teams_id`, `start_date`, `end_date`) VALUES (15, 2, NULL, NULL);
INSERT INTO `app`.`users_teams` (`users_id`, `teams_id`, `start_date`, `end_date`) VALUES (16, 3, NULL, NULL);
INSERT INTO `app`.`users_teams` (`users_id`, `teams_id`, `start_date`, `end_date`) VALUES (18, 1, NULL, NULL);
INSERT INTO `app`.`users_teams` (`users_id`, `teams_id`, `start_date`, `end_date`) VALUES (18, 2, NULL, NULL);
INSERT INTO `app`.`users_teams` (`users_id`, `teams_id`, `start_date`, `end_date`) VALUES (19, 3, NULL, NULL);
INSERT INTO `app`.`users_teams` (`users_id`, `teams_id`, `start_date`, `end_date`) VALUES (20, 3, NULL, NULL);
INSERT INTO `app`.`users_teams` (`users_id`, `teams_id`, `start_date`, `end_date`) VALUES (8, 4, NULL, NULL);
INSERT INTO `app`.`users_teams` (`users_id`, `teams_id`, `start_date`, `end_date`) VALUES (9, 5, NULL, NULL);
INSERT INTO `app`.`users_teams` (`users_id`, `teams_id`, `start_date`, `end_date`) VALUES (10, 4, NULL, NULL);
INSERT INTO `app`.`users_teams` (`users_id`, `teams_id`, `start_date`, `end_date`) VALUES (11, 5, NULL, NULL);
INSERT INTO `app`.`users_teams` (`users_id`, `teams_id`, `start_date`, `end_date`) VALUES (12, 4, NULL, NULL);
INSERT INTO `app`.`users_teams` (`users_id`, `teams_id`, `start_date`, `end_date`) VALUES (13, 5, NULL, NULL);
INSERT INTO `app`.`users_teams` (`users_id`, `teams_id`, `start_date`, `end_date`) VALUES (14, 4, NULL, NULL);
INSERT INTO `app`.`users_teams` (`users_id`, `teams_id`, `start_date`, `end_date`) VALUES (15, 5, NULL, NULL);
INSERT INTO `app`.`users_teams` (`users_id`, `teams_id`, `start_date`, `end_date`) VALUES (16, 4, NULL, NULL);
INSERT INTO `app`.`users_teams` (`users_id`, `teams_id`, `start_date`, `end_date`) VALUES (17, 5, NULL, NULL);
INSERT INTO `app`.`users_teams` (`users_id`, `teams_id`, `start_date`, `end_date`) VALUES (18, 4, NULL, NULL);
INSERT INTO `app`.`users_teams` (`users_id`, `teams_id`, `start_date`, `end_date`) VALUES (19, 5, NULL, NULL);
INSERT INTO `app`.`users_teams` (`users_id`, `teams_id`, `start_date`, `end_date`) VALUES (20, 4, NULL, NULL);
INSERT INTO `app`.`users_teams` (`users_id`, `teams_id`, `start_date`, `end_date`) VALUES (3, 5, NULL, NULL);

COMMIT;


-- -----------------------------------------------------
-- Data for table `app`.`match_team_vs_anyone`
-- -----------------------------------------------------
START TRANSACTION;
USE `app`;
INSERT INTO `app`.`match_team_vs_anyone` (`id`, `matches_id`, `teams_id`, `users_id`) VALUES (1, 1, 1, DEFAULT);
INSERT INTO `app`.`match_team_vs_anyone` (`id`, `matches_id`, `teams_id`, `users_id`) VALUES (2, 1, 2, DEFAULT);
INSERT INTO `app`.`match_team_vs_anyone` (`id`, `matches_id`, `teams_id`, `users_id`) VALUES (3, 2, 5, DEFAULT);
INSERT INTO `app`.`match_team_vs_anyone` (`id`, `matches_id`, `teams_id`, `users_id`) VALUES (4, 2, 4, DEFAULT);
INSERT INTO `app`.`match_team_vs_anyone` (`id`, `matches_id`, `teams_id`, `users_id`) VALUES (5, 3, 1, DEFAULT);
INSERT INTO `app`.`match_team_vs_anyone` (`id`, `matches_id`, `teams_id`, `users_id`) VALUES (6, 3, 2, DEFAULT);
INSERT INTO `app`.`match_team_vs_anyone` (`id`, `matches_id`, `teams_id`, `users_id`) VALUES (7, 4, 2, DEFAULT);
INSERT INTO `app`.`match_team_vs_anyone` (`id`, `matches_id`, `teams_id`, `users_id`) VALUES (8, 4, 3, DEFAULT);
INSERT INTO `app`.`match_team_vs_anyone` (`id`, `matches_id`, `teams_id`, `users_id`) VALUES (9, 5, 1, DEFAULT);
INSERT INTO `app`.`match_team_vs_anyone` (`id`, `matches_id`, `teams_id`, `users_id`) VALUES (10, 5, 2, DEFAULT);
INSERT INTO `app`.`match_team_vs_anyone` (`id`, `matches_id`, `teams_id`, `users_id`) VALUES (11, 6, 1, DEFAULT);
INSERT INTO `app`.`match_team_vs_anyone` (`id`, `matches_id`, `teams_id`, `users_id`) VALUES (12, 6, 3, DEFAULT);
INSERT INTO `app`.`match_team_vs_anyone` (`id`, `matches_id`, `teams_id`, `users_id`) VALUES (13, 7, 3, DEFAULT);
INSERT INTO `app`.`match_team_vs_anyone` (`id`, `matches_id`, `teams_id`, `users_id`) VALUES (14, 7, 2, DEFAULT);
INSERT INTO `app`.`match_team_vs_anyone` (`id`, `matches_id`, `teams_id`, `users_id`) VALUES (15, 8, 2, DEFAULT);
INSERT INTO `app`.`match_team_vs_anyone` (`id`, `matches_id`, `teams_id`, `users_id`) VALUES (16, 8, 1, DEFAULT);
INSERT INTO `app`.`match_team_vs_anyone` (`id`, `matches_id`, `teams_id`, `users_id`) VALUES (17, 9, 1, DEFAULT);
INSERT INTO `app`.`match_team_vs_anyone` (`id`, `matches_id`, `teams_id`, `users_id`) VALUES (18, 9, 3, DEFAULT);
INSERT INTO `app`.`match_team_vs_anyone` (`id`, `matches_id`, `teams_id`, `users_id`) VALUES (19, 10, 5, DEFAULT);
INSERT INTO `app`.`match_team_vs_anyone` (`id`, `matches_id`, `teams_id`, `users_id`) VALUES (20, 10, 4, DEFAULT);
INSERT INTO `app`.`match_team_vs_anyone` (`id`, `matches_id`, `teams_id`, `users_id`) VALUES (21, 11, 2, DEFAULT);
INSERT INTO `app`.`match_team_vs_anyone` (`id`, `matches_id`, `teams_id`, `users_id`) VALUES (22, 11, 3, DEFAULT);
INSERT INTO `app`.`match_team_vs_anyone` (`id`, `matches_id`, `teams_id`, `users_id`) VALUES (23, 12, 3, DEFAULT);
INSERT INTO `app`.`match_team_vs_anyone` (`id`, `matches_id`, `teams_id`, `users_id`) VALUES (24, 12, 1, DEFAULT);

COMMIT;

