-- MySQL Script generated by MySQL Workbench
-- mié 11 abr 2018 20:36:57 CEST
-- Model: New Model    Version: 1.0
-- MySQL Workbench Forward Engineering

SET @OLD_UNIQUE_CHECKS=@@UNIQUE_CHECKS, UNIQUE_CHECKS=0;
SET @OLD_FOREIGN_KEY_CHECKS=@@FOREIGN_KEY_CHECKS, FOREIGN_KEY_CHECKS=0;
SET @OLD_SQL_MODE=@@SQL_MODE, SQL_MODE='TRADITIONAL,ALLOW_INVALID_DATES';

-- -----------------------------------------------------
-- Schema mydb
-- -----------------------------------------------------
-- -----------------------------------------------------
-- Schema app
-- -----------------------------------------------------
DROP SCHEMA IF EXISTS `app` ;

-- -----------------------------------------------------
-- Schema app
-- -----------------------------------------------------
CREATE SCHEMA IF NOT EXISTS `app` DEFAULT CHARACTER SET utf8 ;
-- -----------------------------------------------------
-- Schema sys
-- -----------------------------------------------------
-- -----------------------------------------------------
-- Schema torneos
-- -----------------------------------------------------
USE `app` ;

-- -----------------------------------------------------
-- Table `app`.`users`
-- -----------------------------------------------------
DROP TABLE IF EXISTS `app`.`users` ;

CREATE TABLE IF NOT EXISTS `app`.`users` (
  `id` INT NOT NULL AUTO_INCREMENT,
  `username` VARCHAR(45) NULL,
  PRIMARY KEY (`id`))
ENGINE = InnoDB;

CREATE UNIQUE INDEX `username_UNIQUE` ON `app`.`users` (`username` ASC);


-- -----------------------------------------------------
-- Table `app`.`sports_types`
-- -----------------------------------------------------
DROP TABLE IF EXISTS `app`.`sports_types` ;

CREATE TABLE IF NOT EXISTS `app`.`sports_types` (
  `id` INT NOT NULL,
  PRIMARY KEY (`id`))
ENGINE = InnoDB;


-- -----------------------------------------------------
-- Table `app`.`teams`
-- -----------------------------------------------------
DROP TABLE IF EXISTS `app`.`teams` ;

CREATE TABLE IF NOT EXISTS `app`.`teams` (
  `id` INT NOT NULL AUTO_INCREMENT,
  `sports_types_id` INT NOT NULL,
  `username` VARCHAR(45) NULL,
  `name` VARCHAR(45) NULL,
  PRIMARY KEY (`id`),
  CONSTRAINT `fk_teams_sports_types1`
    FOREIGN KEY (`sports_types_id`)
    REFERENCES `app`.`sports_types` (`id`)
    ON DELETE NO ACTION
    ON UPDATE NO ACTION)
ENGINE = InnoDB;

CREATE INDEX `fk_teams_sports_types1_idx` ON `app`.`teams` (`sports_types_id` ASC);

CREATE UNIQUE INDEX `username_UNIQUE` ON `app`.`teams` (`username` ASC);


-- -----------------------------------------------------
-- Table `app`.`users_teams`
-- -----------------------------------------------------
DROP TABLE IF EXISTS `app`.`users_teams` ;

CREATE TABLE IF NOT EXISTS `app`.`users_teams` (
  `id` INT NOT NULL AUTO_INCREMENT,
  `users_id` INT NOT NULL,
  `teams_id` INT NOT NULL,
  `start_date` DATETIME NULL,
  `end_date` DATETIME NULL,
  `status` TINYINT(1) NULL DEFAULT 1,
  PRIMARY KEY (`id`),
  CONSTRAINT `fk_users_has_teams_users2`
    FOREIGN KEY (`users_id`)
    REFERENCES `app`.`users` (`id`)
    ON DELETE NO ACTION
    ON UPDATE NO ACTION,
  CONSTRAINT `fk_users_has_teams_teams2`
    FOREIGN KEY (`teams_id`)
    REFERENCES `app`.`teams` (`id`)
    ON DELETE NO ACTION
    ON UPDATE NO ACTION)
ENGINE = InnoDB;

CREATE INDEX `fk_users_has_teams_teams2_idx` ON `app`.`users_teams` (`teams_id` ASC);

CREATE INDEX `fk_users_has_teams_users2_idx` ON `app`.`users_teams` (`users_id` ASC);


-- -----------------------------------------------------
-- Table `app`.`tournaments`
-- -----------------------------------------------------
DROP TABLE IF EXISTS `app`.`tournaments` ;

CREATE TABLE IF NOT EXISTS `app`.`tournaments` (
  `id` INT NOT NULL,
  `sports_types_id` INT NOT NULL,
  `name` VARCHAR(45) NULL,
  `teams_number` INT NULL,
  PRIMARY KEY (`id`),
  CONSTRAINT `fk_tournaments_sports_types1`
    FOREIGN KEY (`sports_types_id`)
    REFERENCES `app`.`sports_types` (`id`)
    ON DELETE NO ACTION
    ON UPDATE NO ACTION)
ENGINE = InnoDB;

CREATE INDEX `fk_tournaments_sports_types1_idx` ON `app`.`tournaments` (`sports_types_id` ASC);


-- -----------------------------------------------------
-- Table `app`.`tournaments_teams`
-- -----------------------------------------------------
DROP TABLE IF EXISTS `app`.`tournaments_teams` ;

CREATE TABLE IF NOT EXISTS `app`.`tournaments_teams` (
  `tournaments_id` INT NOT NULL,
  `teams_id` INT NOT NULL,
  PRIMARY KEY (`tournaments_id`, `teams_id`),
  CONSTRAINT `fk_tournament_has_teams_tournament1`
    FOREIGN KEY (`tournaments_id`)
    REFERENCES `app`.`tournaments` (`id`)
    ON DELETE NO ACTION
    ON UPDATE NO ACTION,
  CONSTRAINT `fk_tournament_has_teams_teams1`
    FOREIGN KEY (`teams_id`)
    REFERENCES `app`.`teams` (`id`)
    ON DELETE NO ACTION
    ON UPDATE NO ACTION)
ENGINE = InnoDB;

CREATE INDEX `fk_tournament_has_teams_teams1_idx` ON `app`.`tournaments_teams` (`teams_id` ASC);

CREATE INDEX `fk_tournament_has_teams_tournament1_idx` ON `app`.`tournaments_teams` (`tournaments_id` ASC);


-- -----------------------------------------------------
-- Table `app`.`tournaments_users_teams`
-- -----------------------------------------------------
DROP TABLE IF EXISTS `app`.`tournaments_users_teams` ;

CREATE TABLE IF NOT EXISTS `app`.`tournaments_users_teams` (
  `tournament_id` INT NOT NULL,
  `users_teams_id` INT NOT NULL,
  PRIMARY KEY (`tournament_id`, `users_teams_id`),
  CONSTRAINT `fk_tournament_has_teams_has_users_teams_tournament_has_teams1`
    FOREIGN KEY (`tournament_id`)
    REFERENCES `app`.`tournaments_teams` (`tournaments_id`)
    ON DELETE NO ACTION
    ON UPDATE NO ACTION,
  CONSTRAINT `fk_tournament_has_teams_has_users_teams_users_teams1`
    FOREIGN KEY (`users_teams_id`)
    REFERENCES `app`.`users_teams` (`id`)
    ON DELETE NO ACTION
    ON UPDATE NO ACTION)
ENGINE = InnoDB;

CREATE INDEX `fk_tournament_has_teams_has_users_teams_users_teams1_idx` ON `app`.`tournaments_users_teams` (`users_teams_id` ASC);

CREATE INDEX `fk_tournament_has_teams_has_users_teams_tournament_has_team_idx` ON `app`.`tournaments_users_teams` (`tournament_id` ASC);


-- -----------------------------------------------------
-- Table `app`.`tournaments_league`
-- -----------------------------------------------------
DROP TABLE IF EXISTS `app`.`tournaments_league` ;

CREATE TABLE IF NOT EXISTS `app`.`tournaments_league` (
  `tournaments_id` INT NOT NULL,
  PRIMARY KEY (`tournaments_id`),
  CONSTRAINT `fk_tournaments_league_tournaments1`
    FOREIGN KEY (`tournaments_id`)
    REFERENCES `app`.`tournaments` (`id`)
    ON DELETE NO ACTION
    ON UPDATE NO ACTION)
ENGINE = InnoDB;


-- -----------------------------------------------------
-- Table `app`.`tournaments_playoff`
-- -----------------------------------------------------
DROP TABLE IF EXISTS `app`.`tournaments_playoff` ;

CREATE TABLE IF NOT EXISTS `app`.`tournaments_playoff` (
  `tournaments_id` INT NOT NULL,
  PRIMARY KEY (`tournaments_id`),
  CONSTRAINT `fk_tournaments_playoff_tournaments1`
    FOREIGN KEY (`tournaments_id`)
    REFERENCES `app`.`tournaments` (`id`)
    ON DELETE NO ACTION
    ON UPDATE NO ACTION)
ENGINE = InnoDB;


-- -----------------------------------------------------
-- Table `app`.`matches`
-- -----------------------------------------------------
DROP TABLE IF EXISTS `app`.`matches` ;

CREATE TABLE IF NOT EXISTS `app`.`matches` (
  `id` INT NOT NULL AUTO_INCREMENT,
  `teams_id_1` INT NOT NULL,
  `teams_id_2` INT NOT NULL,
  `teams_id_winner` INT NULL,
  PRIMARY KEY (`id`),
  CONSTRAINT `fk_matches_teams1`
    FOREIGN KEY (`teams_id_1`)
    REFERENCES `app`.`teams` (`id`)
    ON DELETE NO ACTION
    ON UPDATE NO ACTION,
  CONSTRAINT `fk_matches_teams2`
    FOREIGN KEY (`teams_id_2`)
    REFERENCES `app`.`teams` (`id`)
    ON DELETE NO ACTION
    ON UPDATE NO ACTION,
  CONSTRAINT `fk_matches_sports_types1`
    FOREIGN KEY (`teams_id_winner`)
    REFERENCES `app`.`sports_types` (`id`)
    ON DELETE NO ACTION
    ON UPDATE NO ACTION)
ENGINE = InnoDB;

CREATE INDEX `fk_matches_teams2_idx` ON `app`.`matches` (`teams_id_2` ASC);

CREATE INDEX `fk_matches_sports_types1_idx` ON `app`.`matches` (`teams_id_winner` ASC);


-- -----------------------------------------------------
-- Table `app`.`tournaments_teams_matches`
-- -----------------------------------------------------
DROP TABLE IF EXISTS `app`.`tournaments_teams_matches` ;

CREATE TABLE IF NOT EXISTS `app`.`tournaments_teams_matches` (
  `tournaments_id` INT NOT NULL,
  `matches_id` INT NOT NULL,
  PRIMARY KEY (`tournaments_id`, `matches_id`),
  CONSTRAINT `fk_tournaments_teams_matches_matches1`
    FOREIGN KEY (`matches_id`)
    REFERENCES `app`.`matches` (`id`)
    ON DELETE NO ACTION
    ON UPDATE NO ACTION,
  CONSTRAINT `fk_tournaments_teams_matches_tournaments1`
    FOREIGN KEY (`tournaments_id`)
    REFERENCES `app`.`tournaments` (`id`)
    ON DELETE NO ACTION
    ON UPDATE NO ACTION)
ENGINE = InnoDB;

CREATE INDEX `fk_tournaments_teams_matches_matches1_idx` ON `app`.`tournaments_teams_matches` (`matches_id` ASC);

CREATE INDEX `fk_tournaments_teams_matches_tournaments1_idx` ON `app`.`tournaments_teams_matches` (`tournaments_id` ASC);


-- -----------------------------------------------------
-- Table `app`.`users_teams_matches`
-- -----------------------------------------------------
DROP TABLE IF EXISTS `app`.`users_teams_matches` ;

CREATE TABLE IF NOT EXISTS `app`.`users_teams_matches` (
  `users_teams_id` INT NOT NULL,
  `matches_id` INT NOT NULL,
  PRIMARY KEY (`users_teams_id`, `matches_id`),
  CONSTRAINT `fk_users_teams_has_matches_users_teams1`
    FOREIGN KEY (`users_teams_id`)
    REFERENCES `app`.`users_teams` (`id`)
    ON DELETE NO ACTION
    ON UPDATE NO ACTION,
  CONSTRAINT `fk_users_teams_has_matches_matches1`
    FOREIGN KEY (`matches_id`)
    REFERENCES `app`.`matches` (`id`)
    ON DELETE NO ACTION
    ON UPDATE NO ACTION)
ENGINE = InnoDB;

CREATE INDEX `fk_users_teams_has_matches_matches1_idx` ON `app`.`users_teams_matches` (`matches_id` ASC);

CREATE INDEX `fk_users_teams_has_matches_users_teams1_idx` ON `app`.`users_teams_matches` (`users_teams_id` ASC);


-- -----------------------------------------------------
-- Table `app`.`goals`
-- -----------------------------------------------------
DROP TABLE IF EXISTS `app`.`goals` ;

CREATE TABLE IF NOT EXISTS `app`.`goals` (
  `id` INT NOT NULL AUTO_INCREMENT,
  `users_teams_id` INT NOT NULL,
  `matches_id` INT NOT NULL,
  `minute` INT NOT NULL,
  PRIMARY KEY (`id`),
  CONSTRAINT `fk_goals_users_teams_has_matches1`
    FOREIGN KEY (`users_teams_id` , `matches_id`)
    REFERENCES `app`.`users_teams_matches` (`users_teams_id` , `matches_id`)
    ON DELETE NO ACTION
    ON UPDATE NO ACTION)
ENGINE = InnoDB;


-- -----------------------------------------------------
-- Table `app`.`matches_football`
-- -----------------------------------------------------
DROP TABLE IF EXISTS `app`.`matches_football` ;

CREATE TABLE IF NOT EXISTS `app`.`matches_football` (
  `matches_id` INT NOT NULL,
  `sports_types_id` INT NOT NULL,
  `hay_prorroga` VARCHAR(45) NULL,
  `parts_duration` VARCHAR(45) NULL,
  `parts_number` VARCHAR(45) NULL,
  `parts_duration_prorroge` VARCHAR(45) NULL,
  `parts_number_prorroge` VARCHAR(45) NULL,
  PRIMARY KEY (`matches_id`),
  CONSTRAINT `fk_matches_football_matches1`
    FOREIGN KEY (`matches_id`)
    REFERENCES `app`.`matches` (`id`)
    ON DELETE NO ACTION
    ON UPDATE NO ACTION,
  CONSTRAINT `fk_matches_football_sports_types1`
    FOREIGN KEY (`sports_types_id`)
    REFERENCES `app`.`sports_types` (`id`)
    ON DELETE NO ACTION
    ON UPDATE NO ACTION)
ENGINE = InnoDB;

CREATE INDEX `fk_matches_football_sports_types1_idx` ON `app`.`matches_football` (`sports_types_id` ASC);


-- -----------------------------------------------------
-- Table `app`.`leagues`
-- -----------------------------------------------------
DROP TABLE IF EXISTS `app`.`leagues` ;

CREATE TABLE IF NOT EXISTS `app`.`leagues` (
  `id` INT NOT NULL,
  `tournaments_id` INT NOT NULL,
  PRIMARY KEY (`id`),
  CONSTRAINT `fk_leagues_tournaments_league1`
    FOREIGN KEY (`tournaments_id`)
    REFERENCES `app`.`tournaments_league` (`tournaments_id`)
    ON DELETE NO ACTION
    ON UPDATE NO ACTION)
ENGINE = InnoDB;

CREATE INDEX `fk_leagues_tournaments_league1_idx` ON `app`.`leagues` (`tournaments_id` ASC);


-- -----------------------------------------------------
-- Table `app`.`teams_leagues`
-- -----------------------------------------------------
DROP TABLE IF EXISTS `app`.`teams_leagues` ;

CREATE TABLE IF NOT EXISTS `app`.`teams_leagues` (
  `leagues_id` INT NOT NULL,
  `teams_id` INT NOT NULL,
  PRIMARY KEY (`leagues_id`, `teams_id`),
  CONSTRAINT `fk_teams_leagues_tournaments_teams1`
    FOREIGN KEY (`teams_id`)
    REFERENCES `app`.`tournaments_teams` (`teams_id`)
    ON DELETE NO ACTION
    ON UPDATE NO ACTION,
  CONSTRAINT `fk_teams_leagues_leagues1`
    FOREIGN KEY (`leagues_id`)
    REFERENCES `app`.`leagues` (`id`)
    ON DELETE NO ACTION
    ON UPDATE NO ACTION)
ENGINE = InnoDB;

CREATE INDEX `fk_teams_leagues_leagues1_idx` ON `app`.`teams_leagues` (`leagues_id` ASC);


-- -----------------------------------------------------
-- Table `app`.`rounds`
-- -----------------------------------------------------
DROP TABLE IF EXISTS `app`.`rounds` ;

CREATE TABLE IF NOT EXISTS `app`.`rounds` (
  `id` INT NOT NULL,
  `tournaments_id` INT NOT NULL,
  PRIMARY KEY (`id`),
  CONSTRAINT `fk_rounds_tournaments_playoff1`
    FOREIGN KEY (`tournaments_id`)
    REFERENCES `app`.`tournaments_playoff` (`tournaments_id`)
    ON DELETE NO ACTION
    ON UPDATE NO ACTION)
ENGINE = InnoDB;


-- -----------------------------------------------------
-- Table `app`.`rounds_teams`
-- -----------------------------------------------------
DROP TABLE IF EXISTS `app`.`rounds_teams` ;

CREATE TABLE IF NOT EXISTS `app`.`rounds_teams` (
  `teams_id` INT NOT NULL,
  `rounds_id` INT NOT NULL,
  PRIMARY KEY (`teams_id`),
  CONSTRAINT `fk_rounds_teams_rounds1`
    FOREIGN KEY (`rounds_id`)
    REFERENCES `app`.`rounds` (`id`)
    ON DELETE NO ACTION
    ON UPDATE NO ACTION,
  CONSTRAINT `fk_rounds_teams_tournaments_teams1`
    FOREIGN KEY (`teams_id`)
    REFERENCES `app`.`tournaments_teams` (`teams_id`)
    ON DELETE NO ACTION
    ON UPDATE NO ACTION)
ENGINE = InnoDB;

CREATE INDEX `fk_rounds_teams_rounds1_idx` ON `app`.`rounds_teams` (`rounds_id` ASC);


-- -----------------------------------------------------
-- Data for table `app`.`users`
-- -----------------------------------------------------
START TRANSACTION;
USE `app`;
INSERT INTO `app`.`users` (`id`, `username`) VALUES (1, NULL);
INSERT INTO `app`.`users` (`id`, `username`) VALUES (2, NULL);
INSERT INTO `app`.`users` (`id`, `username`) VALUES (3, NULL);
INSERT INTO `app`.`users` (`id`, `username`) VALUES (4, NULL);
INSERT INTO `app`.`users` (`id`, `username`) VALUES (5, NULL);
INSERT INTO `app`.`users` (`id`, `username`) VALUES (6, NULL);
INSERT INTO `app`.`users` (`id`, `username`) VALUES (7, NULL);
INSERT INTO `app`.`users` (`id`, `username`) VALUES (8, NULL);
INSERT INTO `app`.`users` (`id`, `username`) VALUES (9, NULL);
INSERT INTO `app`.`users` (`id`, `username`) VALUES (10, NULL);

COMMIT;


-- -----------------------------------------------------
-- Data for table `app`.`sports_types`
-- -----------------------------------------------------
START TRANSACTION;
USE `app`;
INSERT INTO `app`.`sports_types` (`id`) VALUES (1);
INSERT INTO `app`.`sports_types` (`id`) VALUES (2);
INSERT INTO `app`.`sports_types` (`id`) VALUES (3);

COMMIT;


-- -----------------------------------------------------
-- Data for table `app`.`teams`
-- -----------------------------------------------------
START TRANSACTION;
USE `app`;
INSERT INTO `app`.`teams` (`id`, `sports_types_id`, `username`, `name`) VALUES (1, 1, NULL, NULL);
INSERT INTO `app`.`teams` (`id`, `sports_types_id`, `username`, `name`) VALUES (2, 1, NULL, NULL);
INSERT INTO `app`.`teams` (`id`, `sports_types_id`, `username`, `name`) VALUES (3, 1, NULL, NULL);
INSERT INTO `app`.`teams` (`id`, `sports_types_id`, `username`, `name`) VALUES (4, 1, NULL, NULL);
INSERT INTO `app`.`teams` (`id`, `sports_types_id`, `username`, `name`) VALUES (5, 1, NULL, NULL);
INSERT INTO `app`.`teams` (`id`, `sports_types_id`, `username`, `name`) VALUES (6, 1, NULL, NULL);

COMMIT;


-- -----------------------------------------------------
-- Data for table `app`.`users_teams`
-- -----------------------------------------------------
START TRANSACTION;
USE `app`;
INSERT INTO `app`.`users_teams` (`id`, `users_id`, `teams_id`, `start_date`, `end_date`, `status`) VALUES (1, 1, 1, NULL, NULL, NULL);
INSERT INTO `app`.`users_teams` (`id`, `users_id`, `teams_id`, `start_date`, `end_date`, `status`) VALUES (2, 2, 2, NULL, NULL, NULL);
INSERT INTO `app`.`users_teams` (`id`, `users_id`, `teams_id`, `start_date`, `end_date`, `status`) VALUES (3, 3, 3, NULL, NULL, NULL);
INSERT INTO `app`.`users_teams` (`id`, `users_id`, `teams_id`, `start_date`, `end_date`, `status`) VALUES (4, 4, 4, NULL, NULL, NULL);
INSERT INTO `app`.`users_teams` (`id`, `users_id`, `teams_id`, `start_date`, `end_date`, `status`) VALUES (5, 5, 5, NULL, NULL, NULL);
INSERT INTO `app`.`users_teams` (`id`, `users_id`, `teams_id`, `start_date`, `end_date`, `status`) VALUES (6, 6, 6, NULL, NULL, NULL);
INSERT INTO `app`.`users_teams` (`id`, `users_id`, `teams_id`, `start_date`, `end_date`, `status`) VALUES (7, 7, 1, NULL, NULL, NULL);
INSERT INTO `app`.`users_teams` (`id`, `users_id`, `teams_id`, `start_date`, `end_date`, `status`) VALUES (8, 8, 2, NULL, NULL, NULL);
INSERT INTO `app`.`users_teams` (`id`, `users_id`, `teams_id`, `start_date`, `end_date`, `status`) VALUES (9, 9, 3, NULL, NULL, NULL);
INSERT INTO `app`.`users_teams` (`id`, `users_id`, `teams_id`, `start_date`, `end_date`, `status`) VALUES (10, 10, 4, NULL, NULL, NULL);

COMMIT;


-- -----------------------------------------------------
-- Data for table `app`.`tournaments`
-- -----------------------------------------------------
START TRANSACTION;
USE `app`;
INSERT INTO `app`.`tournaments` (`id`, `sports_types_id`, `name`, `teams_number`) VALUES (1, 1, NULL, NULL);

COMMIT;


-- -----------------------------------------------------
-- Data for table `app`.`tournaments_teams`
-- -----------------------------------------------------
START TRANSACTION;
USE `app`;
INSERT INTO `app`.`tournaments_teams` (`tournaments_id`, `teams_id`) VALUES (1, 1);
INSERT INTO `app`.`tournaments_teams` (`tournaments_id`, `teams_id`) VALUES (1, 2);
INSERT INTO `app`.`tournaments_teams` (`tournaments_id`, `teams_id`) VALUES (1, 3);
INSERT INTO `app`.`tournaments_teams` (`tournaments_id`, `teams_id`) VALUES (1, 4);

COMMIT;


-- -----------------------------------------------------
-- Data for table `app`.`tournaments_users_teams`
-- -----------------------------------------------------
START TRANSACTION;
USE `app`;
INSERT INTO `app`.`tournaments_users_teams` (`tournament_id`, `users_teams_id`) VALUES (1, 1);
INSERT INTO `app`.`tournaments_users_teams` (`tournament_id`, `users_teams_id`) VALUES (1, 2);
INSERT INTO `app`.`tournaments_users_teams` (`tournament_id`, `users_teams_id`) VALUES (1, 3);
INSERT INTO `app`.`tournaments_users_teams` (`tournament_id`, `users_teams_id`) VALUES (1, 4);

COMMIT;


-- -----------------------------------------------------
-- Data for table `app`.`matches`
-- -----------------------------------------------------
START TRANSACTION;
USE `app`;
INSERT INTO `app`.`matches` (`id`, `teams_id_1`, `teams_id_2`, `teams_id_winner`) VALUES (1, 1, 2, NULL);
INSERT INTO `app`.`matches` (`id`, `teams_id_1`, `teams_id_2`, `teams_id_winner`) VALUES (2, 2, 3, NULL);
INSERT INTO `app`.`matches` (`id`, `teams_id_1`, `teams_id_2`, `teams_id_winner`) VALUES (3, 3, 4, NULL);
INSERT INTO `app`.`matches` (`id`, `teams_id_1`, `teams_id_2`, `teams_id_winner`) VALUES (4, 4, 1, NULL);
INSERT INTO `app`.`matches` (`id`, `teams_id_1`, `teams_id_2`, `teams_id_winner`) VALUES (5, 1, 3, NULL);
INSERT INTO `app`.`matches` (`id`, `teams_id_1`, `teams_id_2`, `teams_id_winner`) VALUES (6, 2, 4, NULL);
INSERT INTO `app`.`matches` (`id`, `teams_id_1`, `teams_id_2`, `teams_id_winner`) VALUES (7, 3, 1, NULL);
INSERT INTO `app`.`matches` (`id`, `teams_id_1`, `teams_id_2`, `teams_id_winner`) VALUES (8, 4, 1, NULL);
INSERT INTO `app`.`matches` (`id`, `teams_id_1`, `teams_id_2`, `teams_id_winner`) VALUES (9, 5, 6, NULL);
INSERT INTO `app`.`matches` (`id`, `teams_id_1`, `teams_id_2`, `teams_id_winner`) VALUES (10, 5, 2, NULL);

COMMIT;


-- -----------------------------------------------------
-- Data for table `app`.`tournaments_teams_matches`
-- -----------------------------------------------------
START TRANSACTION;
USE `app`;
INSERT INTO `app`.`tournaments_teams_matches` (`tournaments_id`, `matches_id`) VALUES (1, 1);
INSERT INTO `app`.`tournaments_teams_matches` (`tournaments_id`, `matches_id`) VALUES (1, 2);
INSERT INTO `app`.`tournaments_teams_matches` (`tournaments_id`, `matches_id`) VALUES (1, 3);
INSERT INTO `app`.`tournaments_teams_matches` (`tournaments_id`, `matches_id`) VALUES (1, 4);
INSERT INTO `app`.`tournaments_teams_matches` (`tournaments_id`, `matches_id`) VALUES (1, 5);
INSERT INTO `app`.`tournaments_teams_matches` (`tournaments_id`, `matches_id`) VALUES (1, 6);
INSERT INTO `app`.`tournaments_teams_matches` (`tournaments_id`, `matches_id`) VALUES (1, 7);
INSERT INTO `app`.`tournaments_teams_matches` (`tournaments_id`, `matches_id`) VALUES (1, 8);
INSERT INTO `app`.`tournaments_teams_matches` (`tournaments_id`, `matches_id`) VALUES (1, 9);
INSERT INTO `app`.`tournaments_teams_matches` (`tournaments_id`, `matches_id`) VALUES (1, 10);

COMMIT;


-- -----------------------------------------------------
-- Data for table `app`.`users_teams_matches`
-- -----------------------------------------------------
START TRANSACTION;
USE `app`;
INSERT INTO `app`.`users_teams_matches` (`users_teams_id`, `matches_id`) VALUES (1, 1);
INSERT INTO `app`.`users_teams_matches` (`users_teams_id`, `matches_id`) VALUES (2, 1);
INSERT INTO `app`.`users_teams_matches` (`users_teams_id`, `matches_id`) VALUES (2, 2);
INSERT INTO `app`.`users_teams_matches` (`users_teams_id`, `matches_id`) VALUES (3, 2);
INSERT INTO `app`.`users_teams_matches` (`users_teams_id`, `matches_id`) VALUES (3, 3);
INSERT INTO `app`.`users_teams_matches` (`users_teams_id`, `matches_id`) VALUES (4, 3);
INSERT INTO `app`.`users_teams_matches` (`users_teams_id`, `matches_id`) VALUES (4, 4);
INSERT INTO `app`.`users_teams_matches` (`users_teams_id`, `matches_id`) VALUES (1, 4);
INSERT INTO `app`.`users_teams_matches` (`users_teams_id`, `matches_id`) VALUES (1, 5);
INSERT INTO `app`.`users_teams_matches` (`users_teams_id`, `matches_id`) VALUES (1, 7);
INSERT INTO `app`.`users_teams_matches` (`users_teams_id`, `matches_id`) VALUES (1, 8);
INSERT INTO `app`.`users_teams_matches` (`users_teams_id`, `matches_id`) VALUES (2, 6);
INSERT INTO `app`.`users_teams_matches` (`users_teams_id`, `matches_id`) VALUES (2, 10);
INSERT INTO `app`.`users_teams_matches` (`users_teams_id`, `matches_id`) VALUES (3, 5);
INSERT INTO `app`.`users_teams_matches` (`users_teams_id`, `matches_id`) VALUES (3, 7);
INSERT INTO `app`.`users_teams_matches` (`users_teams_id`, `matches_id`) VALUES (4, 6);
INSERT INTO `app`.`users_teams_matches` (`users_teams_id`, `matches_id`) VALUES (4, 8);
INSERT INTO `app`.`users_teams_matches` (`users_teams_id`, `matches_id`) VALUES (5, 10);
INSERT INTO `app`.`users_teams_matches` (`users_teams_id`, `matches_id`) VALUES (5, 9);
INSERT INTO `app`.`users_teams_matches` (`users_teams_id`, `matches_id`) VALUES (6, 9);
INSERT INTO `app`.`users_teams_matches` (`users_teams_id`, `matches_id`) VALUES (7, 1);
INSERT INTO `app`.`users_teams_matches` (`users_teams_id`, `matches_id`) VALUES (7, 4);
INSERT INTO `app`.`users_teams_matches` (`users_teams_id`, `matches_id`) VALUES (7, 5);
INSERT INTO `app`.`users_teams_matches` (`users_teams_id`, `matches_id`) VALUES (7, 7);
INSERT INTO `app`.`users_teams_matches` (`users_teams_id`, `matches_id`) VALUES (7, 8);
INSERT INTO `app`.`users_teams_matches` (`users_teams_id`, `matches_id`) VALUES (8, 1);
INSERT INTO `app`.`users_teams_matches` (`users_teams_id`, `matches_id`) VALUES (8, 2);
INSERT INTO `app`.`users_teams_matches` (`users_teams_id`, `matches_id`) VALUES (8, 6);
INSERT INTO `app`.`users_teams_matches` (`users_teams_id`, `matches_id`) VALUES (8, 10);
INSERT INTO `app`.`users_teams_matches` (`users_teams_id`, `matches_id`) VALUES (9, 2);
INSERT INTO `app`.`users_teams_matches` (`users_teams_id`, `matches_id`) VALUES (9, 3);
INSERT INTO `app`.`users_teams_matches` (`users_teams_id`, `matches_id`) VALUES (9, 5);
INSERT INTO `app`.`users_teams_matches` (`users_teams_id`, `matches_id`) VALUES (9, 7);
INSERT INTO `app`.`users_teams_matches` (`users_teams_id`, `matches_id`) VALUES (10, 3);
INSERT INTO `app`.`users_teams_matches` (`users_teams_id`, `matches_id`) VALUES (10, 4);
INSERT INTO `app`.`users_teams_matches` (`users_teams_id`, `matches_id`) VALUES (10, 6);
INSERT INTO `app`.`users_teams_matches` (`users_teams_id`, `matches_id`) VALUES (10, 8);

COMMIT;


-- -----------------------------------------------------
-- Data for table `app`.`goals`
-- -----------------------------------------------------
START TRANSACTION;
USE `app`;
INSERT INTO `app`.`goals` (`id`, `users_teams_id`, `matches_id`, `minute`) VALUES (1, 1, 1, 4);
INSERT INTO `app`.`goals` (`id`, `users_teams_id`, `matches_id`, `minute`) VALUES (2, 1, 7, 20);
INSERT INTO `app`.`goals` (`id`, `users_teams_id`, `matches_id`, `minute`) VALUES (3, 1, 8, 85);
INSERT INTO `app`.`goals` (`id`, `users_teams_id`, `matches_id`, `minute`) VALUES (4, 2, 1, 30);
INSERT INTO `app`.`goals` (`id`, `users_teams_id`, `matches_id`, `minute`) VALUES (5, 2, 2, 45);
INSERT INTO `app`.`goals` (`id`, `users_teams_id`, `matches_id`, `minute`) VALUES (6, 2, 2, 90);
INSERT INTO `app`.`goals` (`id`, `users_teams_id`, `matches_id`, `minute`) VALUES (7, 2, 2, 2);
INSERT INTO `app`.`goals` (`id`, `users_teams_id`, `matches_id`, `minute`) VALUES (8, 3, 3, 8);
INSERT INTO `app`.`goals` (`id`, `users_teams_id`, `matches_id`, `minute`) VALUES (9, 9, 3, 16);
INSERT INTO `app`.`goals` (`id`, `users_teams_id`, `matches_id`, `minute`) VALUES (10, 3, 3, 21);
INSERT INTO `app`.`goals` (`id`, `users_teams_id`, `matches_id`, `minute`) VALUES (11, 4, 6, 25);
INSERT INTO `app`.`goals` (`id`, `users_teams_id`, `matches_id`, `minute`) VALUES (12, 4, 6, 27);
INSERT INTO `app`.`goals` (`id`, `users_teams_id`, `matches_id`, `minute`) VALUES (13, 4, 3, 65);
INSERT INTO `app`.`goals` (`id`, `users_teams_id`, `matches_id`, `minute`) VALUES (14, 4, 3, 58);
INSERT INTO `app`.`goals` (`id`, `users_teams_id`, `matches_id`, `minute`) VALUES (15, 3, 4, 60);
INSERT INTO `app`.`goals` (`id`, `users_teams_id`, `matches_id`, `minute`) VALUES (16, 4, 1, 12);
INSERT INTO `app`.`goals` (`id`, `users_teams_id`, `matches_id`, `minute`) VALUES (17, 4, 8, 77);
INSERT INTO `app`.`goals` (`id`, `users_teams_id`, `matches_id`, `minute`) VALUES (18, 4, 1, 71);
INSERT INTO `app`.`goals` (`id`, `users_teams_id`, `matches_id`, `minute`) VALUES (19, 4, 1, 36);
INSERT INTO `app`.`goals` (`id`, `users_teams_id`, `matches_id`, `minute`) VALUES (20, 1, 4, 25);
INSERT INTO `app`.`goals` (`id`, `users_teams_id`, `matches_id`, `minute`) VALUES (21, 7, 4, 43);
INSERT INTO `app`.`goals` (`id`, `users_teams_id`, `matches_id`, `minute`) VALUES (22, 7, 1, 28);
INSERT INTO `app`.`goals` (`id`, `users_teams_id`, `matches_id`, `minute`) VALUES (23, 8, 1, 3);
INSERT INTO `app`.`goals` (`id`, `users_teams_id`, `matches_id`, `minute`) VALUES (24, 8, 1, 9);
INSERT INTO `app`.`goals` (`id`, `users_teams_id`, `matches_id`, `minute`) VALUES (25, 8, 2, 6);
INSERT INTO `app`.`goals` (`id`, `users_teams_id`, `matches_id`, `minute`) VALUES (26, 8, 2, 66);
INSERT INTO `app`.`goals` (`id`, `users_teams_id`, `matches_id`, `minute`) VALUES (27, 8, 6, 1);
INSERT INTO `app`.`goals` (`id`, `users_teams_id`, `matches_id`, `minute`) VALUES (28, 8, 6, 59);
INSERT INTO `app`.`goals` (`id`, `users_teams_id`, `matches_id`, `minute`) VALUES (29, 9, 7, 45);
INSERT INTO `app`.`goals` (`id`, `users_teams_id`, `matches_id`, `minute`) VALUES (30, 9, 7, 88);
INSERT INTO `app`.`goals` (`id`, `users_teams_id`, `matches_id`, `minute`) VALUES (31, 9, 3, 55);
INSERT INTO `app`.`goals` (`id`, `users_teams_id`, `matches_id`, `minute`) VALUES (32, 10, 3, 34);
INSERT INTO `app`.`goals` (`id`, `users_teams_id`, `matches_id`, `minute`) VALUES (33, 10, 4, 6);
INSERT INTO `app`.`goals` (`id`, `users_teams_id`, `matches_id`, `minute`) VALUES (34, 10, 6, 75);
INSERT INTO `app`.`goals` (`id`, `users_teams_id`, `matches_id`, `minute`) VALUES (35, 10, 8, 5);
INSERT INTO `app`.`goals` (`id`, `users_teams_id`, `matches_id`, `minute`) VALUES (36, 5, 10, 5);
INSERT INTO `app`.`goals` (`id`, `users_teams_id`, `matches_id`, `minute`) VALUES (37, 5, 10, 85);
INSERT INTO `app`.`goals` (`id`, `users_teams_id`, `matches_id`, `minute`) VALUES (38, 6, 9, 63);
INSERT INTO `app`.`goals` (`id`, `users_teams_id`, `matches_id`, `minute`) VALUES (39, 6, 9, 78);
INSERT INTO `app`.`goals` (`id`, `users_teams_id`, `matches_id`, `minute`) VALUES (40, 2, 2, 74);

COMMIT;


SET SQL_MODE=@OLD_SQL_MODE;
SET FOREIGN_KEY_CHECKS=@OLD_FOREIGN_KEY_CHECKS;
SET UNIQUE_CHECKS=@OLD_UNIQUE_CHECKS;
