-- MySQL Script generated by MySQL Workbench
-- vie 06 abr 2018 21:32:22 CEST
-- Model: New Model    Version: 1.0
-- MySQL Workbench Forward Engineering

SET @OLD_UNIQUE_CHECKS=@@UNIQUE_CHECKS, UNIQUE_CHECKS=0;
SET @OLD_FOREIGN_KEY_CHECKS=@@FOREIGN_KEY_CHECKS, FOREIGN_KEY_CHECKS=0;
SET @OLD_SQL_MODE=@@SQL_MODE, SQL_MODE='TRADITIONAL,ALLOW_INVALID_DATES';

-- -----------------------------------------------------
-- Schema mydb
-- -----------------------------------------------------
-- -----------------------------------------------------
-- Schema app
-- -----------------------------------------------------
DROP SCHEMA IF EXISTS `app` ;

-- -----------------------------------------------------
-- Schema app
-- -----------------------------------------------------
CREATE SCHEMA IF NOT EXISTS `app` DEFAULT CHARACTER SET utf8 ;
-- -----------------------------------------------------
-- Schema sys
-- -----------------------------------------------------
DROP SCHEMA IF EXISTS `sys` ;

-- -----------------------------------------------------
-- Schema sys
-- -----------------------------------------------------
CREATE SCHEMA IF NOT EXISTS `sys` DEFAULT CHARACTER SET utf8 ;
-- -----------------------------------------------------
-- Schema torneos
-- -----------------------------------------------------
USE `app` ;

-- -----------------------------------------------------
-- Table `app`.`users`
-- -----------------------------------------------------
DROP TABLE IF EXISTS `app`.`users` ;

CREATE TABLE IF NOT EXISTS `app`.`users` (
  `id` INT NOT NULL AUTO_INCREMENT,
  PRIMARY KEY (`id`))
ENGINE = InnoDB;


-- -----------------------------------------------------
-- Table `app`.`teams`
-- -----------------------------------------------------
DROP TABLE IF EXISTS `app`.`teams` ;

CREATE TABLE IF NOT EXISTS `app`.`teams` (
  `id` INT NOT NULL AUTO_INCREMENT,
  PRIMARY KEY (`id`))
ENGINE = InnoDB;


-- -----------------------------------------------------
-- Table `app`.`users_teams`
-- -----------------------------------------------------
DROP TABLE IF EXISTS `app`.`users_teams` ;

CREATE TABLE IF NOT EXISTS `app`.`users_teams` (
  `id` INT NOT NULL AUTO_INCREMENT,
  `users_id` INT NOT NULL,
  `teams_id` INT NOT NULL,
  PRIMARY KEY (`id`),
  CONSTRAINT `fk_users_has_teams_users2`
    FOREIGN KEY (`users_id`)
    REFERENCES `app`.`users` (`id`)
    ON DELETE NO ACTION
    ON UPDATE NO ACTION,
  CONSTRAINT `fk_users_has_teams_teams2`
    FOREIGN KEY (`teams_id`)
    REFERENCES `app`.`teams` (`id`)
    ON DELETE NO ACTION
    ON UPDATE NO ACTION)
ENGINE = InnoDB;

CREATE INDEX `fk_users_has_teams_teams2_idx` ON `app`.`users_teams` (`teams_id` ASC);

CREATE INDEX `fk_users_has_teams_users2_idx` ON `app`.`users_teams` (`users_id` ASC);


-- -----------------------------------------------------
-- Table `app`.`tournaments`
-- -----------------------------------------------------
DROP TABLE IF EXISTS `app`.`tournaments` ;

CREATE TABLE IF NOT EXISTS `app`.`tournaments` (
  `id` INT NOT NULL,
  PRIMARY KEY (`id`))
ENGINE = InnoDB;


-- -----------------------------------------------------
-- Table `app`.`tournaments_teams`
-- -----------------------------------------------------
DROP TABLE IF EXISTS `app`.`tournaments_teams` ;

CREATE TABLE IF NOT EXISTS `app`.`tournaments_teams` (
  `tournaments_id` INT NOT NULL,
  `teams_id` INT NOT NULL,
  PRIMARY KEY (`tournaments_id`, `teams_id`),
  CONSTRAINT `fk_tournament_has_teams_tournament1`
    FOREIGN KEY (`tournaments_id`)
    REFERENCES `app`.`tournaments` (`id`)
    ON DELETE NO ACTION
    ON UPDATE NO ACTION,
  CONSTRAINT `fk_tournament_has_teams_teams1`
    FOREIGN KEY (`teams_id`)
    REFERENCES `app`.`teams` (`id`)
    ON DELETE NO ACTION
    ON UPDATE NO ACTION)
ENGINE = InnoDB;

CREATE INDEX `fk_tournament_has_teams_teams1_idx` ON `app`.`tournaments_teams` (`teams_id` ASC);

CREATE INDEX `fk_tournament_has_teams_tournament1_idx` ON `app`.`tournaments_teams` (`tournaments_id` ASC);


-- -----------------------------------------------------
-- Table `app`.`tournaments_users_teams`
-- -----------------------------------------------------
DROP TABLE IF EXISTS `app`.`tournaments_users_teams` ;

CREATE TABLE IF NOT EXISTS `app`.`tournaments_users_teams` (
  `tournament_id` INT NOT NULL,
  `users_teams_id` INT NOT NULL,
  PRIMARY KEY (`tournament_id`, `users_teams_id`),
  CONSTRAINT `fk_tournament_has_teams_has_users_teams_tournament_has_teams1`
    FOREIGN KEY (`tournament_id`)
    REFERENCES `app`.`tournaments_teams` (`tournaments_id`)
    ON DELETE NO ACTION
    ON UPDATE NO ACTION,
  CONSTRAINT `fk_tournament_has_teams_has_users_teams_users_teams1`
    FOREIGN KEY (`users_teams_id`)
    REFERENCES `app`.`users_teams` (`id`)
    ON DELETE NO ACTION
    ON UPDATE NO ACTION)
ENGINE = InnoDB;

CREATE INDEX `fk_tournament_has_teams_has_users_teams_users_teams1_idx` ON `app`.`tournaments_users_teams` (`users_teams_id` ASC);

CREATE INDEX `fk_tournament_has_teams_has_users_teams_tournament_has_team_idx` ON `app`.`tournaments_users_teams` (`tournament_id` ASC);


-- -----------------------------------------------------
-- Table `app`.`tournaments_league`
-- -----------------------------------------------------
DROP TABLE IF EXISTS `app`.`tournaments_league` ;

CREATE TABLE IF NOT EXISTS `app`.`tournaments_league` (
  `tournaments_id` INT NOT NULL,
  PRIMARY KEY (`tournaments_id`),
  CONSTRAINT `fk_tournaments_league_tournaments1`
    FOREIGN KEY (`tournaments_id`)
    REFERENCES `app`.`tournaments` (`id`)
    ON DELETE NO ACTION
    ON UPDATE NO ACTION)
ENGINE = InnoDB;


-- -----------------------------------------------------
-- Table `app`.`tournaments_playoff`
-- -----------------------------------------------------
DROP TABLE IF EXISTS `app`.`tournaments_playoff` ;

CREATE TABLE IF NOT EXISTS `app`.`tournaments_playoff` (
  `tournaments_id` INT NOT NULL,
  PRIMARY KEY (`tournaments_id`),
  CONSTRAINT `fk_tournaments_playoff_tournaments1`
    FOREIGN KEY (`tournaments_id`)
    REFERENCES `app`.`tournaments` (`id`)
    ON DELETE NO ACTION
    ON UPDATE NO ACTION)
ENGINE = InnoDB;


-- -----------------------------------------------------
-- Table `app`.`tournaments_league_playoff`
-- -----------------------------------------------------
DROP TABLE IF EXISTS `app`.`tournaments_league_playoff` ;

CREATE TABLE IF NOT EXISTS `app`.`tournaments_league_playoff` (
  `tournaments_id` INT NOT NULL,
  PRIMARY KEY (`tournaments_id`),
  CONSTRAINT `fk_tournaments_league_playoff_tournaments1`
    FOREIGN KEY (`tournaments_id`)
    REFERENCES `app`.`tournaments` (`id`)
    ON DELETE NO ACTION
    ON UPDATE NO ACTION)
ENGINE = InnoDB;


-- -----------------------------------------------------
-- Table `app`.`matches`
-- -----------------------------------------------------
DROP TABLE IF EXISTS `app`.`matches` ;

CREATE TABLE IF NOT EXISTS `app`.`matches` (
  `id` INT NOT NULL AUTO_INCREMENT,
  `teams_id_1` INT NOT NULL,
  `teams_id_2` INT NOT NULL,
  PRIMARY KEY (`id`),
  CONSTRAINT `fk_matches_teams1`
    FOREIGN KEY (`teams_id_1`)
    REFERENCES `app`.`teams` (`id`)
    ON DELETE NO ACTION
    ON UPDATE NO ACTION,
  CONSTRAINT `fk_matches_teams2`
    FOREIGN KEY (`teams_id_2`)
    REFERENCES `app`.`teams` (`id`)
    ON DELETE NO ACTION
    ON UPDATE NO ACTION)
ENGINE = InnoDB;

CREATE INDEX `fk_matches_teams2_idx` ON `app`.`matches` (`teams_id_2` ASC);


-- -----------------------------------------------------
-- Table `app`.`tournaments_teams_matches`
-- -----------------------------------------------------
DROP TABLE IF EXISTS `app`.`tournaments_teams_matches` ;

CREATE TABLE IF NOT EXISTS `app`.`tournaments_teams_matches` (
  `tournaments_id` INT NOT NULL,
  `matches_id` INT NOT NULL,
  PRIMARY KEY (`tournaments_id`, `matches_id`),
  CONSTRAINT `fk_tournaments_teams_matches_matches1`
    FOREIGN KEY (`matches_id`)
    REFERENCES `app`.`matches` (`id`)
    ON DELETE NO ACTION
    ON UPDATE NO ACTION,
  CONSTRAINT `fk_tournaments_teams_matches_tournaments1`
    FOREIGN KEY (`tournaments_id`)
    REFERENCES `app`.`tournaments` (`id`)
    ON DELETE NO ACTION
    ON UPDATE NO ACTION)
ENGINE = InnoDB;

CREATE INDEX `fk_tournaments_teams_matches_matches1_idx` ON `app`.`tournaments_teams_matches` (`matches_id` ASC);

CREATE INDEX `fk_tournaments_teams_matches_tournaments1_idx` ON `app`.`tournaments_teams_matches` (`tournaments_id` ASC);


-- -----------------------------------------------------
-- Table `app`.`users_teams_matches`
-- -----------------------------------------------------
DROP TABLE IF EXISTS `app`.`users_teams_matches` ;

CREATE TABLE IF NOT EXISTS `app`.`users_teams_matches` (
  `users_teams_id` INT NOT NULL,
  `matches_id` INT NOT NULL,
  PRIMARY KEY (`users_teams_id`, `matches_id`),
  CONSTRAINT `fk_users_teams_has_matches_users_teams1`
    FOREIGN KEY (`users_teams_id`)
    REFERENCES `app`.`users_teams` (`id`)
    ON DELETE NO ACTION
    ON UPDATE NO ACTION,
  CONSTRAINT `fk_users_teams_has_matches_matches1`
    FOREIGN KEY (`matches_id`)
    REFERENCES `app`.`matches` (`id`)
    ON DELETE NO ACTION
    ON UPDATE NO ACTION)
ENGINE = InnoDB;

CREATE INDEX `fk_users_teams_has_matches_matches1_idx` ON `app`.`users_teams_matches` (`matches_id` ASC);

CREATE INDEX `fk_users_teams_has_matches_users_teams1_idx` ON `app`.`users_teams_matches` (`users_teams_id` ASC);


-- -----------------------------------------------------
-- Table `app`.`goals`
-- -----------------------------------------------------
DROP TABLE IF EXISTS `app`.`goals` ;

CREATE TABLE IF NOT EXISTS `app`.`goals` (
  `id` INT NOT NULL AUTO_INCREMENT,
  `users_teams_id` INT NOT NULL,
  `matches_id` INT NOT NULL,
  `minute` INT NOT NULL,
  PRIMARY KEY (`id`),
  CONSTRAINT `fk_goals_users_teams_has_matches1`
    FOREIGN KEY (`users_teams_id` , `matches_id`)
    REFERENCES `app`.`users_teams_matches` (`users_teams_id` , `matches_id`)
    ON DELETE NO ACTION
    ON UPDATE NO ACTION)
ENGINE = InnoDB;

USE `sys` ;

-- -----------------------------------------------------
-- Table `sys`.`sys_config`
-- -----------------------------------------------------
DROP TABLE IF EXISTS `sys`.`sys_config` ;

CREATE TABLE IF NOT EXISTS `sys`.`sys_config` (
  `variable` VARCHAR(128) NOT NULL,
  `value` VARCHAR(128) NULL DEFAULT NULL,
  `set_time` TIMESTAMP NOT NULL DEFAULT CURRENT_TIMESTAMP ON UPDATE CURRENT_TIMESTAMP,
  `set_by` VARCHAR(128) NULL DEFAULT NULL,
  PRIMARY KEY (`variable`))
ENGINE = InnoDB
DEFAULT CHARACTER SET = utf8;


-- -----------------------------------------------------
-- Data for table `app`.`users`
-- -----------------------------------------------------
START TRANSACTION;
USE `app`;
INSERT INTO `app`.`users` (`id`) VALUES (1);
INSERT INTO `app`.`users` (`id`) VALUES (2);
INSERT INTO `app`.`users` (`id`) VALUES (3);
INSERT INTO `app`.`users` (`id`) VALUES (4);
INSERT INTO `app`.`users` (`id`) VALUES (5);
INSERT INTO `app`.`users` (`id`) VALUES (6);
INSERT INTO `app`.`users` (`id`) VALUES (7);
INSERT INTO `app`.`users` (`id`) VALUES (8);
INSERT INTO `app`.`users` (`id`) VALUES (9);
INSERT INTO `app`.`users` (`id`) VALUES (10);

COMMIT;


-- -----------------------------------------------------
-- Data for table `app`.`teams`
-- -----------------------------------------------------
START TRANSACTION;
USE `app`;
INSERT INTO `app`.`teams` (`id`) VALUES (1);
INSERT INTO `app`.`teams` (`id`) VALUES (2);
INSERT INTO `app`.`teams` (`id`) VALUES (3);
INSERT INTO `app`.`teams` (`id`) VALUES (4);
INSERT INTO `app`.`teams` (`id`) VALUES (5);
INSERT INTO `app`.`teams` (`id`) VALUES (6);

COMMIT;


-- -----------------------------------------------------
-- Data for table `app`.`users_teams`
-- -----------------------------------------------------
START TRANSACTION;
USE `app`;
INSERT INTO `app`.`users_teams` (`id`, `users_id`, `teams_id`) VALUES (1, 1, 1);
INSERT INTO `app`.`users_teams` (`id`, `users_id`, `teams_id`) VALUES (2, 2, 2);
INSERT INTO `app`.`users_teams` (`id`, `users_id`, `teams_id`) VALUES (3, 3, 3);
INSERT INTO `app`.`users_teams` (`id`, `users_id`, `teams_id`) VALUES (4, 4, 4);
INSERT INTO `app`.`users_teams` (`id`, `users_id`, `teams_id`) VALUES (5, 5, 5);
INSERT INTO `app`.`users_teams` (`id`, `users_id`, `teams_id`) VALUES (6, 6, 6);
INSERT INTO `app`.`users_teams` (`id`, `users_id`, `teams_id`) VALUES (7, 7, 1);
INSERT INTO `app`.`users_teams` (`id`, `users_id`, `teams_id`) VALUES (8, 8, 2);
INSERT INTO `app`.`users_teams` (`id`, `users_id`, `teams_id`) VALUES (9, 9, 3);
INSERT INTO `app`.`users_teams` (`id`, `users_id`, `teams_id`) VALUES (10, 10, 4);

COMMIT;


-- -----------------------------------------------------
-- Data for table `app`.`tournaments`
-- -----------------------------------------------------
START TRANSACTION;
USE `app`;
INSERT INTO `app`.`tournaments` (`id`) VALUES (1);

COMMIT;


-- -----------------------------------------------------
-- Data for table `app`.`tournaments_teams`
-- -----------------------------------------------------
START TRANSACTION;
USE `app`;
INSERT INTO `app`.`tournaments_teams` (`tournaments_id`, `teams_id`) VALUES (1, 1);
INSERT INTO `app`.`tournaments_teams` (`tournaments_id`, `teams_id`) VALUES (1, 2);
INSERT INTO `app`.`tournaments_teams` (`tournaments_id`, `teams_id`) VALUES (1, 3);
INSERT INTO `app`.`tournaments_teams` (`tournaments_id`, `teams_id`) VALUES (1, 4);

COMMIT;


-- -----------------------------------------------------
-- Data for table `app`.`tournaments_users_teams`
-- -----------------------------------------------------
START TRANSACTION;
USE `app`;
INSERT INTO `app`.`tournaments_users_teams` (`tournament_id`, `users_teams_id`) VALUES (1, 1);
INSERT INTO `app`.`tournaments_users_teams` (`tournament_id`, `users_teams_id`) VALUES (1, 2);
INSERT INTO `app`.`tournaments_users_teams` (`tournament_id`, `users_teams_id`) VALUES (1, 3);
INSERT INTO `app`.`tournaments_users_teams` (`tournament_id`, `users_teams_id`) VALUES (1, 4);

COMMIT;


-- -----------------------------------------------------
-- Data for table `app`.`matches`
-- -----------------------------------------------------
START TRANSACTION;
USE `app`;
INSERT INTO `app`.`matches` (`id`, `teams_id_1`, `teams_id_2`) VALUES (1, 1, 2);
INSERT INTO `app`.`matches` (`id`, `teams_id_1`, `teams_id_2`) VALUES (2, 2, 3);
INSERT INTO `app`.`matches` (`id`, `teams_id_1`, `teams_id_2`) VALUES (3, 3, 4);
INSERT INTO `app`.`matches` (`id`, `teams_id_1`, `teams_id_2`) VALUES (4, 4, 1);
INSERT INTO `app`.`matches` (`id`, `teams_id_1`, `teams_id_2`) VALUES (5, 1, 3);
INSERT INTO `app`.`matches` (`id`, `teams_id_1`, `teams_id_2`) VALUES (6, 2, 4);
INSERT INTO `app`.`matches` (`id`, `teams_id_1`, `teams_id_2`) VALUES (7, 3, 1);
INSERT INTO `app`.`matches` (`id`, `teams_id_1`, `teams_id_2`) VALUES (8, 4, 1);
INSERT INTO `app`.`matches` (`id`, `teams_id_1`, `teams_id_2`) VALUES (9, 5, 6);
INSERT INTO `app`.`matches` (`id`, `teams_id_1`, `teams_id_2`) VALUES (10, 5, 2);

COMMIT;


-- -----------------------------------------------------
-- Data for table `app`.`tournaments_teams_matches`
-- -----------------------------------------------------
START TRANSACTION;
USE `app`;
INSERT INTO `app`.`tournaments_teams_matches` (`tournaments_id`, `matches_id`) VALUES (1, 1);
INSERT INTO `app`.`tournaments_teams_matches` (`tournaments_id`, `matches_id`) VALUES (1, 2);
INSERT INTO `app`.`tournaments_teams_matches` (`tournaments_id`, `matches_id`) VALUES (1, 3);
INSERT INTO `app`.`tournaments_teams_matches` (`tournaments_id`, `matches_id`) VALUES (1, 4);
INSERT INTO `app`.`tournaments_teams_matches` (`tournaments_id`, `matches_id`) VALUES (1, 5);
INSERT INTO `app`.`tournaments_teams_matches` (`tournaments_id`, `matches_id`) VALUES (1, 6);
INSERT INTO `app`.`tournaments_teams_matches` (`tournaments_id`, `matches_id`) VALUES (1, 7);
INSERT INTO `app`.`tournaments_teams_matches` (`tournaments_id`, `matches_id`) VALUES (1, 8);
INSERT INTO `app`.`tournaments_teams_matches` (`tournaments_id`, `matches_id`) VALUES (1, 9);
INSERT INTO `app`.`tournaments_teams_matches` (`tournaments_id`, `matches_id`) VALUES (1, 10);

COMMIT;


-- -----------------------------------------------------
-- Data for table `app`.`users_teams_matches`
-- -----------------------------------------------------
START TRANSACTION;
USE `app`;
INSERT INTO `app`.`users_teams_matches` (`users_teams_id`, `matches_id`) VALUES (1, 1);
INSERT INTO `app`.`users_teams_matches` (`users_teams_id`, `matches_id`) VALUES (2, 1);
INSERT INTO `app`.`users_teams_matches` (`users_teams_id`, `matches_id`) VALUES (2, 2);
INSERT INTO `app`.`users_teams_matches` (`users_teams_id`, `matches_id`) VALUES (3, 2);
INSERT INTO `app`.`users_teams_matches` (`users_teams_id`, `matches_id`) VALUES (3, 3);
INSERT INTO `app`.`users_teams_matches` (`users_teams_id`, `matches_id`) VALUES (4, 3);
INSERT INTO `app`.`users_teams_matches` (`users_teams_id`, `matches_id`) VALUES (4, 4);
INSERT INTO `app`.`users_teams_matches` (`users_teams_id`, `matches_id`) VALUES (1, 4);
INSERT INTO `app`.`users_teams_matches` (`users_teams_id`, `matches_id`) VALUES (1, 5);
INSERT INTO `app`.`users_teams_matches` (`users_teams_id`, `matches_id`) VALUES (1, 7);
INSERT INTO `app`.`users_teams_matches` (`users_teams_id`, `matches_id`) VALUES (1, 8);
INSERT INTO `app`.`users_teams_matches` (`users_teams_id`, `matches_id`) VALUES (2, 6);
INSERT INTO `app`.`users_teams_matches` (`users_teams_id`, `matches_id`) VALUES (2, 10);
INSERT INTO `app`.`users_teams_matches` (`users_teams_id`, `matches_id`) VALUES (3, 5);
INSERT INTO `app`.`users_teams_matches` (`users_teams_id`, `matches_id`) VALUES (3, 7);
INSERT INTO `app`.`users_teams_matches` (`users_teams_id`, `matches_id`) VALUES (4, 6);
INSERT INTO `app`.`users_teams_matches` (`users_teams_id`, `matches_id`) VALUES (4, 8);
INSERT INTO `app`.`users_teams_matches` (`users_teams_id`, `matches_id`) VALUES (5, 10);
INSERT INTO `app`.`users_teams_matches` (`users_teams_id`, `matches_id`) VALUES (5, 9);
INSERT INTO `app`.`users_teams_matches` (`users_teams_id`, `matches_id`) VALUES (6, 9);
INSERT INTO `app`.`users_teams_matches` (`users_teams_id`, `matches_id`) VALUES (7, 1);
INSERT INTO `app`.`users_teams_matches` (`users_teams_id`, `matches_id`) VALUES (7, 4);
INSERT INTO `app`.`users_teams_matches` (`users_teams_id`, `matches_id`) VALUES (7, 5);
INSERT INTO `app`.`users_teams_matches` (`users_teams_id`, `matches_id`) VALUES (7, 7);
INSERT INTO `app`.`users_teams_matches` (`users_teams_id`, `matches_id`) VALUES (7, 8);
INSERT INTO `app`.`users_teams_matches` (`users_teams_id`, `matches_id`) VALUES (8, 1);
INSERT INTO `app`.`users_teams_matches` (`users_teams_id`, `matches_id`) VALUES (8, 2);
INSERT INTO `app`.`users_teams_matches` (`users_teams_id`, `matches_id`) VALUES (8, 6);
INSERT INTO `app`.`users_teams_matches` (`users_teams_id`, `matches_id`) VALUES (8, 10);
INSERT INTO `app`.`users_teams_matches` (`users_teams_id`, `matches_id`) VALUES (9, 2);
INSERT INTO `app`.`users_teams_matches` (`users_teams_id`, `matches_id`) VALUES (9, 3);
INSERT INTO `app`.`users_teams_matches` (`users_teams_id`, `matches_id`) VALUES (9, 5);
INSERT INTO `app`.`users_teams_matches` (`users_teams_id`, `matches_id`) VALUES (9, 7);
INSERT INTO `app`.`users_teams_matches` (`users_teams_id`, `matches_id`) VALUES (10, 3);
INSERT INTO `app`.`users_teams_matches` (`users_teams_id`, `matches_id`) VALUES (10, 4);
INSERT INTO `app`.`users_teams_matches` (`users_teams_id`, `matches_id`) VALUES (10, 6);
INSERT INTO `app`.`users_teams_matches` (`users_teams_id`, `matches_id`) VALUES (10, 8);

COMMIT;


-- -----------------------------------------------------
-- Data for table `app`.`goals`
-- -----------------------------------------------------
START TRANSACTION;
USE `app`;
INSERT INTO `app`.`goals` (`id`, `users_teams_id`, `matches_id`, `minute`) VALUES (1, 1, 1, 4);
INSERT INTO `app`.`goals` (`id`, `users_teams_id`, `matches_id`, `minute`) VALUES (2, 1, 7, 20);
INSERT INTO `app`.`goals` (`id`, `users_teams_id`, `matches_id`, `minute`) VALUES (3, 1, 8, 85);
INSERT INTO `app`.`goals` (`id`, `users_teams_id`, `matches_id`, `minute`) VALUES (4, 2, 1, 30);
INSERT INTO `app`.`goals` (`id`, `users_teams_id`, `matches_id`, `minute`) VALUES (5, 2, 2, 45);
INSERT INTO `app`.`goals` (`id`, `users_teams_id`, `matches_id`, `minute`) VALUES (6, 2, 2, 90);
INSERT INTO `app`.`goals` (`id`, `users_teams_id`, `matches_id`, `minute`) VALUES (7, 2, 2, 2);
INSERT INTO `app`.`goals` (`id`, `users_teams_id`, `matches_id`, `minute`) VALUES (8, 3, 3, 8);
INSERT INTO `app`.`goals` (`id`, `users_teams_id`, `matches_id`, `minute`) VALUES (9, 9, 3, 16);
INSERT INTO `app`.`goals` (`id`, `users_teams_id`, `matches_id`, `minute`) VALUES (10, 3, 3, 21);
INSERT INTO `app`.`goals` (`id`, `users_teams_id`, `matches_id`, `minute`) VALUES (11, 4, 6, 25);
INSERT INTO `app`.`goals` (`id`, `users_teams_id`, `matches_id`, `minute`) VALUES (12, 4, 6, 27);
INSERT INTO `app`.`goals` (`id`, `users_teams_id`, `matches_id`, `minute`) VALUES (13, 4, 3, 65);
INSERT INTO `app`.`goals` (`id`, `users_teams_id`, `matches_id`, `minute`) VALUES (14, 4, 3, 58);
INSERT INTO `app`.`goals` (`id`, `users_teams_id`, `matches_id`, `minute`) VALUES (15, 3, 4, 60);
INSERT INTO `app`.`goals` (`id`, `users_teams_id`, `matches_id`, `minute`) VALUES (16, 4, 1, 12);
INSERT INTO `app`.`goals` (`id`, `users_teams_id`, `matches_id`, `minute`) VALUES (17, 4, 8, 77);
INSERT INTO `app`.`goals` (`id`, `users_teams_id`, `matches_id`, `minute`) VALUES (18, 4, 1, 71);
INSERT INTO `app`.`goals` (`id`, `users_teams_id`, `matches_id`, `minute`) VALUES (19, 4, 1, 36);
INSERT INTO `app`.`goals` (`id`, `users_teams_id`, `matches_id`, `minute`) VALUES (20, 1, 4, 25);
INSERT INTO `app`.`goals` (`id`, `users_teams_id`, `matches_id`, `minute`) VALUES (21, 7, 4, 43);
INSERT INTO `app`.`goals` (`id`, `users_teams_id`, `matches_id`, `minute`) VALUES (22, 7, 1, 28);
INSERT INTO `app`.`goals` (`id`, `users_teams_id`, `matches_id`, `minute`) VALUES (23, 8, 1, 3);
INSERT INTO `app`.`goals` (`id`, `users_teams_id`, `matches_id`, `minute`) VALUES (24, 8, 1, 9);
INSERT INTO `app`.`goals` (`id`, `users_teams_id`, `matches_id`, `minute`) VALUES (25, 8, 2, 6);
INSERT INTO `app`.`goals` (`id`, `users_teams_id`, `matches_id`, `minute`) VALUES (26, 8, 2, 66);
INSERT INTO `app`.`goals` (`id`, `users_teams_id`, `matches_id`, `minute`) VALUES (27, 8, 6, 1);
INSERT INTO `app`.`goals` (`id`, `users_teams_id`, `matches_id`, `minute`) VALUES (28, 8, 6, 59);
INSERT INTO `app`.`goals` (`id`, `users_teams_id`, `matches_id`, `minute`) VALUES (29, 9, 7, 45);
INSERT INTO `app`.`goals` (`id`, `users_teams_id`, `matches_id`, `minute`) VALUES (30, 9, 7, 88);
INSERT INTO `app`.`goals` (`id`, `users_teams_id`, `matches_id`, `minute`) VALUES (31, 9, 3, 55);
INSERT INTO `app`.`goals` (`id`, `users_teams_id`, `matches_id`, `minute`) VALUES (32, 10, 3, 34);
INSERT INTO `app`.`goals` (`id`, `users_teams_id`, `matches_id`, `minute`) VALUES (33, 10, 4, 6);
INSERT INTO `app`.`goals` (`id`, `users_teams_id`, `matches_id`, `minute`) VALUES (34, 10, 6, 75);
INSERT INTO `app`.`goals` (`id`, `users_teams_id`, `matches_id`, `minute`) VALUES (35, 10, 8, 5);
INSERT INTO `app`.`goals` (`id`, `users_teams_id`, `matches_id`, `minute`) VALUES (36, 5, 10, 5);
INSERT INTO `app`.`goals` (`id`, `users_teams_id`, `matches_id`, `minute`) VALUES (37, 5, 10, 85);
INSERT INTO `app`.`goals` (`id`, `users_teams_id`, `matches_id`, `minute`) VALUES (38, 6, 9, 63);
INSERT INTO `app`.`goals` (`id`, `users_teams_id`, `matches_id`, `minute`) VALUES (39, 6, 9, 78);
INSERT INTO `app`.`goals` (`id`, `users_teams_id`, `matches_id`, `minute`) VALUES (40, 2, 2, 74);

COMMIT;


SET SQL_MODE=@OLD_SQL_MODE;
SET FOREIGN_KEY_CHECKS=@OLD_FOREIGN_KEY_CHECKS;
SET UNIQUE_CHECKS=@OLD_UNIQUE_CHECKS;
